Coin Name,Timestamp,Price
Dogecoin,1713106800,0.1511486859126598
Dogecoin,1713103200,0.15156798228972532
Dogecoin,1713099600,0.15374369031261853
Dogecoin,1713096000,0.15205406325499773
Dogecoin,1713092400,0.15601513508418702
Dogecoin,1713088800,0.1553661644014406
Dogecoin,1713085200,0.15737938419429845
Dogecoin,1713081600,0.15875485502432016
Dogecoin,1713078000,0.15848852258983867
Dogecoin,1713074400,0.15783041548706805
Dogecoin,1713070800,0.15493782407066883
Dogecoin,1713067200,0.1490807031582527
Dogecoin,1713063600,0.14822235590511407
Dogecoin,1713060000,0.15033646026081285
Dogecoin,1713056400,0.14919884177471612
Dogecoin,1713052800,0.15223466236791589
Dogecoin,1713049200,0.15228285334301056
Dogecoin,1713045600,0.1427177180804538
Dogecoin,1713042000,0.13759004511533002
Dogecoin,1713038400,0.15015138197183928
Dogecoin,1713034800,0.16432728407459019
Dogecoin,1713031200,0.15979575147074107
Dogecoin,1713027600,0.16568725989425703
Dogecoin,1713024000,0.17061122954615413
Dogecoin,1713020400,0.17031899834087
Dogecoin,1713016800,0.17163811866836093
Dogecoin,1713013200,0.17243843041155602
Dogecoin,1713009600,0.17116779441696375
Dogecoin,1713006000,0.17259163479019576
Dogecoin,1713002400,0.1705485828778518
Dogecoin,1712998800,0.16994202743043194
Dogecoin,1712995200,0.17113452626695105
Dogecoin,1712991600,0.17289096152479644
Dogecoin,1712988000,0.1721233017878069
Dogecoin,1712984400,0.17376947600753778
Dogecoin,1712980800,0.17284687521727954
Dogecoin,1712977200,0.1694288761113044
Dogecoin,1712973600,0.165663897821092
Dogecoin,1712970000,0.1708781087123996
Dogecoin,1712966400,0.17416008580469802
Dogecoin,1712962800,0.1736414409264992
Dogecoin,1712959200,0.17479477575792957
Dogecoin,1712955600,0.1722955358704706
Dogecoin,1712952000,0.1698756121791763
Dogecoin,1712948400,0.17023743557635757
Dogecoin,1712944800,0.18454694369120736
Dogecoin,1712941200,0.19345618721699517
Dogecoin,1712937600,0.19335472492806946
Dogecoin,1712934000,0.19165546179907744
Dogecoin,1712930400,0.19216649263298385
Dogecoin,1712926800,0.1961476575733629
Dogecoin,1712923200,0.19946146383679592
Dogecoin,1712919600,0.199898524727363
Dogecoin,1712916000,0.19824487773328076
Dogecoin,1712912400,0.19898795573360428
Dogecoin,1712908800,0.19756000770227775
Dogecoin,1712905200,0.19969731464946217
Dogecoin,1712901600,0.19826132854816333
Dogecoin,1712898000,0.1999001138790902
Dogecoin,1712894400,0.19810433497231547
Dogecoin,1712890800,0.19590270073694716
Dogecoin,1712887200,0.19507472922550137
Dogecoin,1712883600,0.19566830180527814
Dogecoin,1712880000,0.19392693597273852
Dogecoin,1712876400,0.1951337931824379
Dogecoin,1712872800,0.19438157358542185
Dogecoin,1712869200,0.1968927263970755
Dogecoin,1712865600,0.1931268263203471
Dogecoin,1712862000,0.19218510280282317
Dogecoin,1712858400,0.19305825531048457
Dogecoin,1712854800,0.19261913002742614
Dogecoin,1712851200,0.19238660482024497
Dogecoin,1712847600,0.19152761281363276
Dogecoin,1712844000,0.19257611221535867
Dogecoin,1712840400,0.19387428239759372
Dogecoin,1712836800,0.19409870912449156
Dogecoin,1712833200,0.197082519012114
Dogecoin,1712829600,0.1988613480110075
Dogecoin,1712826000,0.20096722923901836
Dogecoin,1712822400,0.20102502077210554
Dogecoin,1712818800,0.19685239520778794
Dogecoin,1712815200,0.19620544697264514
Dogecoin,1712811600,0.19665429286944697
Dogecoin,1712808000,0.19712573078733564
Dogecoin,1712804400,0.19788458806624543
Dogecoin,1712800800,0.19762137825191822
Dogecoin,1712797200,0.19829069754564568
Dogecoin,1712793600,0.19975649331483813
Dogecoin,1712790000,0.19970835741506845
Dogecoin,1712786400,0.1999997301709369
Dogecoin,1712782800,0.19802936821188372
Dogecoin,1712779200,0.2008473845604202
Dogecoin,1712775600,0.19155068229334188
Dogecoin,1712772000,0.19463787418689196
Dogecoin,1712768400,0.19710875722252547
Dogecoin,1712764800,0.1931138213433881
Dogecoin,1712761200,0.19173819098682182
Dogecoin,1712757600,0.18567051613533242
Dogecoin,1712754000,0.18356693349648237
Dogecoin,1712750400,0.1886904969298153
Dogecoin,1712746800,0.18791163199027597
Dogecoin,1712743200,0.18896194790734258
Dogecoin,1712739600,0.18860859001301286
Dogecoin,1712736000,0.19034953846490002
Dogecoin,1712732400,0.19040093457018745
Dogecoin,1712728800,0.18976752358053112
Dogecoin,1712725200,0.1885774370478133
Dogecoin,1712721600,0.18826934181539623
Dogecoin,1712718000,0.18596721288925078
Dogecoin,1712714400,0.18920579748490352
Dogecoin,1712710800,0.18948141542890432
Dogecoin,1712707200,0.18910568638624556
Dogecoin,1712703600,0.19005953224062247
Dogecoin,1712700000,0.18945405136140744
Dogecoin,1712696400,0.19053162361785517
Dogecoin,1712692800,0.18936436690001773
Dogecoin,1712689200,0.18888776497519078
Dogecoin,1712685600,0.18911901714645454
Dogecoin,1712682000,0.18819594565642367
Dogecoin,1712678400,0.18998179138318044
Dogecoin,1712674800,0.1897925466291418
Dogecoin,1712671200,0.19204990967885283
Dogecoin,1712667600,0.19560497635764568
Dogecoin,1712664000,0.1967675664926503
Dogecoin,1712660400,0.1960921895679085
Dogecoin,1712656800,0.19521474009714904
Dogecoin,1712653200,0.19667133268389658
Dogecoin,1712649600,0.19713696366681543
Dogecoin,1712646000,0.19781261080082904
Dogecoin,1712642400,0.19995715791643476
Dogecoin,1712638800,0.19940790632262512
Dogecoin,1712635200,0.19908398179211817
Dogecoin,1712631600,0.20106684401479902
Dogecoin,1712628000,0.20037619837506546
Dogecoin,1712624400,0.20033923262429182
Dogecoin,1712620800,0.20270361442770485
Dogecoin,1712617200,0.20357533514132936
Dogecoin,1712613600,0.20147535095220068
Dogecoin,1712610000,0.20203131679785982
Dogecoin,1712606400,0.20143914011841874
Dogecoin,1712602800,0.20317545171846788
Dogecoin,1712599200,0.20334269800192675
Dogecoin,1712595600,0.20297882678241397
Dogecoin,1712592000,0.2028919397919528
Dogecoin,1712588400,0.203138692732287
Dogecoin,1712584800,0.20343130076205543
Dogecoin,1712581200,0.20436366788387603
Dogecoin,1712577600,0.20699763925520204
Dogecoin,1712574000,0.20748786503078637
Dogecoin,1712570400,0.2066368385051526
Dogecoin,1712566800,0.2074128279797547
Dogecoin,1712563200,0.2059926526572495
Dogecoin,1712559600,0.20190707500465516
Dogecoin,1712556000,0.20093646473942242
Dogecoin,1712552400,0.19854717773776556
Dogecoin,1712548800,0.1987009293117142
Dogecoin,1712545200,0.1969718390328861
Dogecoin,1712541600,0.1977814642600024
Dogecoin,1712538000,0.19753172543666733
Dogecoin,1712534400,0.19888495929736494
Dogecoin,1712530800,0.19639312492851493
Dogecoin,1712527200,0.19735722045321566
Dogecoin,1712523600,0.19870494047778772
Dogecoin,1712520000,0.1968684089001899
Dogecoin,1712516400,0.19791472001101632
Dogecoin,1712512800,0.19974675065272426
Dogecoin,1712509200,0.20218258140208256
Dogecoin,1712505600,0.20028491940070808
Dogecoin,1712502000,0.20217657904287512
Dogecoin,1712498400,0.19896016855328677
Dogecoin,1712494800,0.1969552717564648
Dogecoin,1712491200,0.19823598722620167
Dogecoin,1712487600,0.1967763647975464
Dogecoin,1712484000,0.19404330619288188
Dogecoin,1712480400,0.19514036055211675
Dogecoin,1712476800,0.19501242302246116
Dogecoin,1712473200,0.19358966586296356
Dogecoin,1712469600,0.19687640710455304
Dogecoin,1712466000,0.19711099976899782
Dogecoin,1712462400,0.1955669229629132
Dogecoin,1712458800,0.19604369628960272
Dogecoin,1712455200,0.19453131709880622
Dogecoin,1712451600,0.19201588512475615
Dogecoin,1712448000,0.18574391317318342
Dogecoin,1712444400,0.18628000216908017
Dogecoin,1712440800,0.1837037692918346
Dogecoin,1712437200,0.18506672719646083
Dogecoin,1712433600,0.1828996192439631
Dogecoin,1712430000,0.18259623094867183
Dogecoin,1712426400,0.18343074623363712
Dogecoin,1712422800,0.1835200070076435
Dogecoin,1712419200,0.18308934748731312
Dogecoin,1712415600,0.18206607374709446
Dogecoin,1712412000,0.18033030521413915
Dogecoin,1712408400,0.18196398889235987
Dogecoin,1712404800,0.1826744937785836
Dogecoin,1712401200,0.18292369920820306
Dogecoin,1712397600,0.18294229062949108
Dogecoin,1712394000,0.18500281930280882
Dogecoin,1712390400,0.1845314428107473
Dogecoin,1712386800,0.18405909346783147
Dogecoin,1712383200,0.181882378571397
Dogecoin,1712379600,0.18067501412641834
Dogecoin,1712376000,0.18089729958555567
Dogecoin,1712372400,0.17964950799963358
Dogecoin,1712368800,0.17837207308359077
Dogecoin,1712365200,0.1791123137315154
Dogecoin,1712361600,0.1771195781634119
Dogecoin,1712358000,0.17718236511372173
Dogecoin,1712354400,0.1774331832186889
Dogecoin,1712350800,0.17874738745663857
Dogecoin,1712347200,0.1767975817754584
Dogecoin,1712343600,0.17625235403177875
Dogecoin,1712340000,0.17414974531263577
Dogecoin,1712336400,0.1755331263124476
Dogecoin,1712332800,0.17604816120606734
Dogecoin,1712329200,0.1750775187581641
Dogecoin,1712325600,0.1740285267790831
Dogecoin,1712322000,0.17186096147362429
Dogecoin,1712318400,0.168810143784729
Dogecoin,1712314800,0.17199761470992211
Dogecoin,1712311200,0.17165865857656554
Dogecoin,1712307600,0.17339537221073584
Dogecoin,1712304000,0.1740127073302297
Dogecoin,1712300400,0.17365950507832814
Dogecoin,1712296800,0.17326173361360792
Dogecoin,1712293200,0.17399111725438715
Dogecoin,1712289600,0.17641616480213107
Dogecoin,1712286000,0.17502810758440082
Dogecoin,1712282400,0.17795888285277223
Dogecoin,1712278800,0.17993935067776176
Dogecoin,1712275200,0.17984941834942364
Dogecoin,1712271600,0.17793486327480365
Dogecoin,1712268000,0.17731889956342453
Dogecoin,1712264400,0.17969017643422763
Dogecoin,1712260800,0.18191045777407602
Dogecoin,1712257200,0.18272680901648697
Dogecoin,1712253600,0.18689419565608362
Dogecoin,1712250000,0.18404755873039197
Dogecoin,1712246400,0.1829182538120849
Dogecoin,1712242800,0.18337492763499058
Dogecoin,1712239200,0.1834722915639919
Dogecoin,1712235600,0.18328390835513103
Dogecoin,1712232000,0.18210228647321453
Dogecoin,1712228400,0.18098282856627063
Dogecoin,1712224800,0.1814212615166612
Dogecoin,1712221200,0.18130431859618695
Dogecoin,1712217600,0.17911282126525704
Dogecoin,1712214000,0.17803213495804215
Dogecoin,1712210400,0.1754183593369078
Dogecoin,1712206800,0.17505331498545718
Dogecoin,1712203200,0.17398155594804202
Dogecoin,1712199600,0.1757065099588058
Dogecoin,1712196000,0.17772770989528572
Dogecoin,1712192400,0.17819991889408027
Dogecoin,1712188800,0.1751968251563187
Dogecoin,1712185200,0.1754069118716984
Dogecoin,1712181600,0.17531935523238468
Dogecoin,1712178000,0.17260620444334782
Dogecoin,1712174400,0.17584646929131836
Dogecoin,1712170800,0.1766591779455052
Dogecoin,1712167200,0.17743656850091336
Dogecoin,1712163600,0.17986595813081008
Dogecoin,1712160000,0.17906861320046566
Dogecoin,1712156400,0.18392144516610007
Dogecoin,1712152800,0.17808784850034037
Dogecoin,1712149200,0.1805959784019829
Dogecoin,1712145600,0.18338050690074023
Dogecoin,1712142000,0.18404765218106364
Dogecoin,1712138400,0.18635046241642642
Dogecoin,1712134800,0.18711871709032912
Dogecoin,1712131200,0.18437611549153726
Dogecoin,1712127600,0.18570361294813767
Dogecoin,1712124000,0.18406517550794999
Dogecoin,1712120400,0.1867331820494306
Dogecoin,1712116800,0.18577307831068182
Dogecoin,1712113200,0.18573397552054452
Dogecoin,1712109600,0.18470406851107246
Dogecoin,1712106000,0.17714125510010156
Dogecoin,1712102400,0.18231473810291782
Dogecoin,1712098800,0.1854171410673944
Dogecoin,1712095200,0.18348720381766265
Dogecoin,1712091600,0.1848301373811084
Dogecoin,1712088000,0.18715588379555673
Dogecoin,1712084400,0.18720210899101958
Dogecoin,1712080800,0.18491632088386475
Dogecoin,1712077200,0.18500951086492048
Dogecoin,1712073600,0.18171058972601922
Dogecoin,1712070000,0.18724704232874778
Dogecoin,1712066400,0.18595971072880957
Dogecoin,1712062800,0.18435316816705494
Dogecoin,1712059200,0.18351334087952248
Dogecoin,1712055600,0.1843124749812163
Dogecoin,1712052000,0.1854275866740951
Dogecoin,1712048400,0.18240007777274422
Dogecoin,1712044800,0.18692219213401678
Dogecoin,1712041200,0.19028673212502997
Dogecoin,1712037600,0.18890362823355242
Dogecoin,1712034000,0.1884959596296703
Dogecoin,1712030400,0.18854970381034028
Dogecoin,1712026800,0.19105148125477076
Dogecoin,1712023200,0.20396296604593314
Dogecoin,1712019600,0.20246772675474362
Dogecoin,1712016000,0.20533792330293907
Dogecoin,1712012400,0.2048915016582058
Dogecoin,1712008800,0.20450417514057426
Dogecoin,1712005200,0.20613260183513496
Dogecoin,1712001600,0.2064348733233411
Dogecoin,1711998000,0.2036400603252502
Dogecoin,1711994400,0.20282271336575464
Dogecoin,1711990800,0.20135784867880782
Dogecoin,1711987200,0.19902800836626455
Dogecoin,1711983600,0.20216185672510847
Dogecoin,1711980000,0.20861893324936504
Dogecoin,1711976400,0.20912990250895994
Dogecoin,1711972800,0.20571297561061103
Dogecoin,1711969200,0.2062439736696645
Dogecoin,1711965600,0.20321938738591555
Dogecoin,1711962000,0.20376033258799495
Dogecoin,1711958400,0.20719464748085845
Dogecoin,1711954800,0.2059151967299436
Dogecoin,1711951200,0.20328220725870869
Dogecoin,1711947600,0.2154990046976546
Dogecoin,1711944000,0.2160600777313145
Dogecoin,1711940400,0.2165490216056579
Dogecoin,1711936800,0.21684358125886896
Dogecoin,1711933200,0.21835593062525846
Dogecoin,1711929600,0.2200551103831536
Dogecoin,1711926000,0.2190709748253444
Dogecoin,1711922400,0.21831372180088254
Dogecoin,1711918800,0.2212363025879303
Dogecoin,1711915200,0.2222844619596618
Dogecoin,1711911600,0.2183267457367758
Dogecoin,1711908000,0.213090167789761
Dogecoin,1711904400,0.2116718786332192
Dogecoin,1711900800,0.21214786041844272
Dogecoin,1711897200,0.21037090314764736
Dogecoin,1711893600,0.2060623507916729
Dogecoin,1711890000,0.2063958429145201
Dogecoin,1711886400,0.20674944470241535
Dogecoin,1711882800,0.2056882665647809
Dogecoin,1711879200,0.20644313564709543
Dogecoin,1711875600,0.20680614231850677
Dogecoin,1711872000,0.20693319119292286
Dogecoin,1711868400,0.2052671294989628
Dogecoin,1711864800,0.20604304734833623
Dogecoin,1711861200,0.20402970360651887
Dogecoin,1711857600,0.20138174273174775
Dogecoin,1711854000,0.20307036932003716
Dogecoin,1711850400,0.20413195455323485
Dogecoin,1711846800,0.20240865429072796
Dogecoin,1711843200,0.19902070789266127
Dogecoin,1711839600,0.19939424684357504
Dogecoin,1711836000,0.20027511499927095
Dogecoin,1711832400,0.20081084421587095
Dogecoin,1711828800,0.20102045721172535
Dogecoin,1711825200,0.20033583232857866
Dogecoin,1711821600,0.200236538619171
Dogecoin,1711818000,0.20057909862499645
Dogecoin,1711814400,0.20351506168338127
Dogecoin,1711810800,0.20501657901339726
Dogecoin,1711807200,0.2087436566973901
Dogecoin,1711803600,0.20936570221382372
Dogecoin,1711800000,0.21078150561637185
Dogecoin,1711796400,0.20999592204858664
Dogecoin,1711792800,0.20983210841400793
Dogecoin,1711789200,0.20797878623248284
Dogecoin,1711785600,0.20623626634311734
Dogecoin,1711782000,0.2100426482604601
Dogecoin,1711778400,0.2115013159929989
Dogecoin,1711774800,0.2125065992445749
Dogecoin,1711771200,0.21187588245512565
Dogecoin,1711767600,0.21294391415194366
Dogecoin,1711764000,0.215545913073536
Dogecoin,1711760400,0.21239016906063551
Dogecoin,1711756800,0.21299048422728284
Dogecoin,1711753200,0.21210799985736328
Dogecoin,1711749600,0.21019546034988715
Dogecoin,1711746000,0.21282881842010634
Dogecoin,1711742400,0.21371510661547952
Dogecoin,1711738800,0.21384973124561676
Dogecoin,1711735200,0.21579618887338692
Dogecoin,1711731600,0.21247276783897823
Dogecoin,1711728000,0.20860231368078871
Dogecoin,1711724400,0.21510932548752462
Dogecoin,1711720800,0.2155513376142882
Dogecoin,1711717200,0.2141647118987812
Dogecoin,1711713600,0.21359769832089007
Dogecoin,1711710000,0.2154280789534372
Dogecoin,1711706400,0.2138168613866207
Dogecoin,1711702800,0.21255318420760475
Dogecoin,1711699200,0.2094266501501295
Dogecoin,1711695600,0.21688085883354857
Dogecoin,1711692000,0.2142472353361511
Dogecoin,1711688400,0.213646334435078
Dogecoin,1711684800,0.21796667473305184
Dogecoin,1711681200,0.21442108098583287
Dogecoin,1711677600,0.21777858886390541
Dogecoin,1711674000,0.2233526505857499
Dogecoin,1711670400,0.220330630293165
Dogecoin,1711666800,0.21937670538620485
Dogecoin,1711663200,0.22021033522338757
Dogecoin,1711659600,0.22220302151569551
Dogecoin,1711656000,0.22768315113327606
Dogecoin,1711652400,0.21954310889374798
Dogecoin,1711648800,0.21998212777804393
Dogecoin,1711645200,0.21914331956786334
Dogecoin,1711641600,0.21713224716810947
Dogecoin,1711638000,0.2191847602505615
Dogecoin,1711634400,0.21633298542707433
Dogecoin,1711630800,0.21672211590995466
Dogecoin,1711627200,0.21704391750304214
Dogecoin,1711623600,0.21506898905911515
Dogecoin,1711620000,0.20201912678873288
Dogecoin,1711616400,0.20178107695585398
Dogecoin,1711612800,0.19983909983728004
Dogecoin,1711609200,0.2010904252383201
Dogecoin,1711605600,0.19695474313290817
Dogecoin,1711602000,0.19741615270638863
Dogecoin,1711598400,0.1947824904712141
Dogecoin,1711594800,0.1951848851470438
Dogecoin,1711591200,0.1992993854504813
Dogecoin,1711587600,0.20225210202762128
Dogecoin,1711584000,0.19030459741811964
Dogecoin,1711580400,0.1908390883804245
Dogecoin,1711576800,0.1843659026675404
Dogecoin,1711573200,0.18583653067323147
Dogecoin,1711569600,0.18297883244973293
Dogecoin,1711566000,0.18188871557624514
Dogecoin,1711562400,0.1858143411775305
Dogecoin,1711558800,0.18584305754985783
Dogecoin,1711555200,0.1898102115462744
Dogecoin,1711551600,0.18685836184913795
Dogecoin,1711548000,0.18453424814969943
Dogecoin,1711544400,0.18769130955061503
Dogecoin,1711540800,0.186645081046968
Dogecoin,1711537200,0.18331049670376012
Dogecoin,1711533600,0.18408864219446314
Dogecoin,1711530000,0.18126646011178776
Dogecoin,1711526400,0.1830890894435291
Dogecoin,1711522800,0.18854132258665748
Dogecoin,1711519200,0.18860836313393195
Dogecoin,1711515600,0.184679331869453
Dogecoin,1711512000,0.18434402352780965
Dogecoin,1711508400,0.18466348286139683
Dogecoin,1711504800,0.18155986118364512
Dogecoin,1711501200,0.18285620503803043
Dogecoin,1711497600,0.18227710309640452
Dogecoin,1711494000,0.18155428626876274
Dogecoin,1711490400,0.1813814184276398
Dogecoin,1711486800,0.17897066183559296
Dogecoin,1711483200,0.17623302510885
Dogecoin,1711479600,0.17843783026662788
Dogecoin,1711476000,0.17810307581409374
Dogecoin,1711472400,0.17630563270950542
Dogecoin,1711468800,0.17842309768248765
Dogecoin,1711465200,0.1792456053790699
Dogecoin,1711461600,0.18111178618708926
Dogecoin,1711458000,0.18369531384045779
Dogecoin,1711454400,0.1838326594780162
Dogecoin,1711450800,0.18514667704855992
Dogecoin,1711447200,0.18385953136357722
Dogecoin,1711443600,0.18313126800515264
Dogecoin,1711440000,0.17930927259770096
Dogecoin,1711436400,0.1809963685329798
Dogecoin,1711432800,0.17974377663919433
Dogecoin,1711429200,0.17963763103569175
Dogecoin,1711425600,0.17730148258902978
Dogecoin,1711422000,0.1785929070892851
Dogecoin,1711418400,0.17775512723181847
Dogecoin,1711414800,0.17624846931035726
Dogecoin,1711411200,0.17531596162765664
Dogecoin,1711407600,0.17674412320686675
Dogecoin,1711404000,0.17705097108599002
Dogecoin,1711400400,0.1806339855722406
Dogecoin,1711396800,0.18021532849875843
Dogecoin,1711393200,0.18106934219986573
Dogecoin,1711389600,0.18142441779097335
Dogecoin,1711386000,0.18212173061403142
Dogecoin,1711382400,0.18270170750368447
Dogecoin,1711378800,0.18180826010466006
Dogecoin,1711375200,0.173611561366919
Dogecoin,1711371600,0.17139166519085758
Dogecoin,1711368000,0.17053084486857523
Dogecoin,1711364400,0.17182854555581156
Dogecoin,1711360800,0.17187966801261556
Dogecoin,1711357200,0.1709211536552383
Dogecoin,1711353600,0.17145601371873748
Dogecoin,1711350000,0.1722116199685134
Dogecoin,1711346400,0.1734689171554625
Dogecoin,1711342800,0.17441518136493303
Dogecoin,1711339200,0.17234941742449372
Dogecoin,1711335600,0.17262318070128743
Dogecoin,1711332000,0.17180980783999436
Dogecoin,1711328400,0.17227923864152772
Dogecoin,1711324800,0.17663268851353064
Dogecoin,1711321200,0.17640951729220117
Dogecoin,1711317600,0.17819656425244113
Dogecoin,1711314000,0.17649223909546322
Dogecoin,1711310400,0.17408634102666518
Dogecoin,1711306800,0.17270771198270912
Dogecoin,1711303200,0.17051242866210517
Dogecoin,1711299600,0.17284278712633233
Dogecoin,1711296000,0.1746763582925074
Dogecoin,1711292400,0.17375189129986277
Dogecoin,1711288800,0.17183890166659355
Dogecoin,1711285200,0.17349295690514852
Dogecoin,1711281600,0.17233258442433247
Dogecoin,1711278000,0.17233358413419347
Dogecoin,1711274400,0.17298450907309473
Dogecoin,1711270800,0.1739579953024578
Dogecoin,1711267200,0.1734907795016738
Dogecoin,1711263600,0.17213435342982455
Dogecoin,1711260000,0.17144492287641977
Dogecoin,1711256400,0.17016389845103083
Dogecoin,1711252800,0.16884647878920322
Dogecoin,1711249200,0.17129709459667666
Dogecoin,1711245600,0.16607487834173118
Dogecoin,1711242000,0.16603094992673992
Dogecoin,1711238400,0.1616913562143608
Dogecoin,1711234800,0.16537615459933613
Dogecoin,1711231200,0.16745155388709107
Dogecoin,1711227600,0.16921666968301508
Dogecoin,1711224000,0.1697410280268871
Dogecoin,1711220400,0.17075350714336054
Dogecoin,1711216800,0.1727834393639888
Dogecoin,1711213200,0.17242929778832153
Dogecoin,1711209600,0.16638869215936528
Dogecoin,1711206000,0.16757922921782537
Dogecoin,1711202400,0.16494370445433432
Dogecoin,1711198800,0.1674281812053872
Dogecoin,1711195200,0.16366346218130765
Dogecoin,1711191600,0.16272816260036344
Dogecoin,1711188000,0.16284149954404578
Dogecoin,1711184400,0.16323355389217786
Dogecoin,1711180800,0.16135860274212024
Dogecoin,1711177200,0.16043983371468737
Dogecoin,1711173600,0.16095078572764562
Dogecoin,1711170000,0.16034101432960632
Dogecoin,1711166400,0.1586530058128816
Dogecoin,1711162800,0.1599633326846015
Dogecoin,1711159200,0.1618302771409052
Dogecoin,1711155600,0.15490122802645115
Dogecoin,1711152000,0.15309054330729321
Dogecoin,1711148400,0.15223729336325434
Dogecoin,1711144800,0.15097081806191942
Dogecoin,1711141200,0.1510504333759058
Dogecoin,1711137600,0.15270800640275817
Dogecoin,1711134000,0.15173877336292407
Dogecoin,1711130400,0.15172147214267476
Dogecoin,1711126800,0.14993969792891365
Dogecoin,1711123200,0.14976588315201747
Dogecoin,1711119600,0.14592615523427335
Dogecoin,1711116000,0.14802315723589876
Dogecoin,1711112400,0.15426127899459222
Dogecoin,1711108800,0.15584466277684292
Dogecoin,1711105200,0.15791443313002507
Dogecoin,1711101600,0.16072556888152173
Dogecoin,1711098000,0.1610144667922782
Dogecoin,1711094400,0.1629111788043608
Dogecoin,1711090800,0.16318654707008434
Dogecoin,1711087200,0.15698276268510147
Dogecoin,1711083600,0.15660940347088032
Dogecoin,1711080000,0.15745074978719928
Dogecoin,1711076400,0.15294990684159102
Dogecoin,1711072800,0.15220537561114955
Dogecoin,1711069200,0.15456264324528865
Dogecoin,1711065600,0.15550943291858935
Dogecoin,1711062000,0.1546750507024262
Dogecoin,1711058400,0.15302500126606686
Dogecoin,1711054800,0.15299067629300947
Dogecoin,1711051200,0.15181925854159778
Dogecoin,1711047600,0.14937793192896245
Dogecoin,1711044000,0.152309611939361
Dogecoin,1711040400,0.1565541400808848
Dogecoin,1711036800,0.1549951597411926
Dogecoin,1711033200,0.1562840627632393
Dogecoin,1711029600,0.1525726688563837
Dogecoin,1711026000,0.15282601888235303
Dogecoin,1711022400,0.1516150709402189
Dogecoin,1711018800,0.15172327054681647
Dogecoin,1711015200,0.15179359547661517
Dogecoin,1711011600,0.153509942577416
Dogecoin,1711008000,0.1539061388050503
Dogecoin,1711004400,0.15126446239984145
Dogecoin,1711000800,0.1498845519979565
Dogecoin,1710997200,0.15016364317778144
Dogecoin,1710993600,0.1505247911979652
Dogecoin,1710990000,0.150443143381805
Dogecoin,1710986400,0.1510741492991344
Dogecoin,1710982800,0.15179831166542498
Dogecoin,1710979200,0.15198273458064
Dogecoin,1710975600,0.15145754656817376
Dogecoin,1710972000,0.14995805823187505
Dogecoin,1710968400,0.14722819566950754
Dogecoin,1710964800,0.1458091197081647
Dogecoin,1710961200,0.14025602034585716
Dogecoin,1710957600,0.13337199712295483
Dogecoin,1710954000,0.12965269206317703
Dogecoin,1710950400,0.1324512143794763
Dogecoin,1710946800,0.13499237766543498
Dogecoin,1710943200,0.13364114778547714
Dogecoin,1710939600,0.13511719865554428
Dogecoin,1710936000,0.13453581900088127
Dogecoin,1710932400,0.13278931369371044
Dogecoin,1710928800,0.13349842741513265
Dogecoin,1710925200,0.1323404474829829
Dogecoin,1710921600,0.1336126644115222
Dogecoin,1710918000,0.12722020950278012
Dogecoin,1710914400,0.12488350212314672
Dogecoin,1710910800,0.12621539751564745
Dogecoin,1710907200,0.12741429340724653
Dogecoin,1710903600,0.12999689993422756
Dogecoin,1710900000,0.12643213201233097
Dogecoin,1710896400,0.1315167539382055
Dogecoin,1710892800,0.12905637048630783
Dogecoin,1710889200,0.12921281511061977
Dogecoin,1710885600,0.13229719177384158
Dogecoin,1710882000,0.13219107802700822
Dogecoin,1710878400,0.13467109224163287
Dogecoin,1710874800,0.13384785452722073
Dogecoin,1710871200,0.13423204033322705
Dogecoin,1710867600,0.1342012214547402
Dogecoin,1710864000,0.13412990817878964
Dogecoin,1710860400,0.13106968168641836
Dogecoin,1710856800,0.13103542932929682
Dogecoin,1710853200,0.13157674611936687
Dogecoin,1710849600,0.13039561706129574
Dogecoin,1710846000,0.12822709416853215
Dogecoin,1710842400,0.130855587932965
Dogecoin,1710838800,0.1277137084298644
Dogecoin,1710835200,0.132652958831843
Dogecoin,1710831600,0.13090916588879722
Dogecoin,1710828000,0.1325763454439142
Dogecoin,1710824400,0.13309399827578094
Dogecoin,1710820800,0.13575134672556166
Dogecoin,1710817200,0.13570513076957016
Dogecoin,1710813600,0.1366293627286533
Dogecoin,1710810000,0.14091545232766753
Dogecoin,1710806400,0.14356604632100622
Dogecoin,1710802800,0.14319202812262732
Dogecoin,1710799200,0.143615939049515
Dogecoin,1710795600,0.14329934570529793
Dogecoin,1710792000,0.14214470938922008
Dogecoin,1710788400,0.14217788368571935
Dogecoin,1710784800,0.14231611700299288
Dogecoin,1710781200,0.14179909800052826
Dogecoin,1710777600,0.14370827559930147
Dogecoin,1710774000,0.14373740471678054
Dogecoin,1710770400,0.1440309169862244
Dogecoin,1710766800,0.14888423943098755
Dogecoin,1710763200,0.1483217687355254
Dogecoin,1710759600,0.14762436851993732
Dogecoin,1710756000,0.14594195055343778
Dogecoin,1710752400,0.14810124898325527
Dogecoin,1710748800,0.1495411493963255
Dogecoin,1710745200,0.1503161482388596
Dogecoin,1710741600,0.15261771681788683
Dogecoin,1710738000,0.1522051108805933
Dogecoin,1710734400,0.1507895539164121
Dogecoin,1710730800,0.15133503046447194
Dogecoin,1710727200,0.15129809084139365
Dogecoin,1710723600,0.15030826880210257
Dogecoin,1710720000,0.15428897033153013
Dogecoin,1710716400,0.1539506172183104
Dogecoin,1710712800,0.15507786204154306
Dogecoin,1710709200,0.1534803635090742
Dogecoin,1710705600,0.1548179316473865
Dogecoin,1710702000,0.1533613989900815
Dogecoin,1710698400,0.15683211646034065
Dogecoin,1710694800,0.1510207417584165
Dogecoin,1710691200,0.15313996498206472
Dogecoin,1710687600,0.15035774369286142
Dogecoin,1710684000,0.14981594866958933
Dogecoin,1710680400,0.1466432294174934
Dogecoin,1710676800,0.14863255224471802
Dogecoin,1710673200,0.1503933084968699
Dogecoin,1710669600,0.1495629053685885
Dogecoin,1710666000,0.14633752219128987
Dogecoin,1710662400,0.14104366995249204
Dogecoin,1710658800,0.14086950133376747
Dogecoin,1710655200,0.14409824893367026
Dogecoin,1710651600,0.14516266881500267
Dogecoin,1710648000,0.14666990246978232
Dogecoin,1710644400,0.1466165549225498
Dogecoin,1710640800,0.1449089082244454
Dogecoin,1710637200,0.14063264923170357
Dogecoin,1710633600,0.14265301360647512
Dogecoin,1710630000,0.14227074275544185
Dogecoin,1710626400,0.14285051890909078
Dogecoin,1710622800,0.14411146982507964
Dogecoin,1710619200,0.14341016229238077
Dogecoin,1710615600,0.14262364349743348
Dogecoin,1710612000,0.14797608081195018
Dogecoin,1710608400,0.15219195901651308
Dogecoin,1710604800,0.1538667832426565
Dogecoin,1710601200,0.15300384782751003
Dogecoin,1710597600,0.15172563454014726
Dogecoin,1710594000,0.15416273332915925
Dogecoin,1710590400,0.15828400027642245
Dogecoin,1710586800,0.1596203019650746
Dogecoin,1710583200,0.16124045152400499
Dogecoin,1710579600,0.16209603123652574
Dogecoin,1710576000,0.1631851763840087
Dogecoin,1710572400,0.161477782886267
Dogecoin,1710568800,0.16019090127189187
Dogecoin,1710565200,0.16103671325814445
Dogecoin,1710561600,0.16244325462515993
Dogecoin,1710558000,0.16219285507167322
Dogecoin,1710554400,0.16303678989902037
Dogecoin,1710550800,0.16339231106304894
Dogecoin,1710547200,0.1632344608875126
Dogecoin,1710543600,0.1621297268054805
Dogecoin,1710540000,0.16058018156619117
Dogecoin,1710536400,0.15769821185901675
Dogecoin,1710532800,0.1614085036803359
Dogecoin,1710529200,0.16687266495103403
Dogecoin,1710525600,0.16204797659647538
Dogecoin,1710522000,0.1618870642601472
Dogecoin,1710518400,0.16228136808090468
Shiba Inu,1713106800,2.1675610267832e-05
Shiba Inu,1713103200,2.1744797054829e-05
Shiba Inu,1713099600,2.2001688122629e-05
Shiba Inu,1713096000,2.1725210388394e-05
Shiba Inu,1713092400,2.2342412765978e-05
Shiba Inu,1713088800,2.2274614064217e-05
Shiba Inu,1713085200,2.2421727499503e-05
Shiba Inu,1713081600,2.2689257399266e-05
Shiba Inu,1713078000,2.2771740260687e-05
Shiba Inu,1713074400,2.2389597925034e-05
Shiba Inu,1713070800,2.2011286316129e-05
Shiba Inu,1713067200,2.1360278281495e-05
Shiba Inu,1713063600,2.1120310037015e-05
Shiba Inu,1713060000,2.1194727683573e-05
Shiba Inu,1713056400,2.1023012197602e-05
Shiba Inu,1713052800,2.1084501844477e-05
Shiba Inu,1713049200,2.1093554239069e-05
Shiba Inu,1713045600,2.0202179963837e-05
Shiba Inu,1713042000,1.94953145703e-05
Shiba Inu,1713038400,2.1405649658356e-05
Shiba Inu,1713034800,2.3621707145471e-05
Shiba Inu,1713031200,2.2925522402106e-05
Shiba Inu,1713027600,2.4007246918733e-05
Shiba Inu,1713024000,2.4587294059306e-05
Shiba Inu,1713020400,2.4568895744044e-05
Shiba Inu,1713016800,2.4658122988565e-05
Shiba Inu,1713013200,2.4667296058005e-05
Shiba Inu,1713009600,2.4404991929253e-05
Shiba Inu,1713006000,2.4552043723881e-05
Shiba Inu,1713002400,2.4331811913854e-05
Shiba Inu,1712998800,2.4125434139541e-05
Shiba Inu,1712995200,2.4239833285328e-05
Shiba Inu,1712991600,2.4506690709719e-05
Shiba Inu,1712988000,2.4420151376093e-05
Shiba Inu,1712984400,2.4495452294742e-05
Shiba Inu,1712980800,2.4342822862484e-05
Shiba Inu,1712977200,2.4008018542541e-05
Shiba Inu,1712973600,2.3494809474256e-05
Shiba Inu,1712970000,2.4432763742393e-05
Shiba Inu,1712966400,2.4784442951661e-05
Shiba Inu,1712962800,2.4490747994859e-05
Shiba Inu,1712959200,2.4484437422387e-05
Shiba Inu,1712955600,2.4380392915829e-05
Shiba Inu,1712952000,2.3928059033351e-05
Shiba Inu,1712948400,2.3298499100709e-05
Shiba Inu,1712944800,2.563082263821e-05
Shiba Inu,1712941200,2.676492661798e-05
Shiba Inu,1712937600,2.6943485897497e-05
Shiba Inu,1712934000,2.6903723622611e-05
Shiba Inu,1712930400,2.6882667700566e-05
Shiba Inu,1712926800,2.7177863187317e-05
Shiba Inu,1712923200,2.7567935289128e-05
Shiba Inu,1712919600,2.7565094917098e-05
Shiba Inu,1712916000,2.7651100445116e-05
Shiba Inu,1712912400,2.7694477078325e-05
Shiba Inu,1712908800,2.7629788313945e-05
Shiba Inu,1712905200,2.7896586125338e-05
Shiba Inu,1712901600,2.7704206498196e-05
Shiba Inu,1712898000,2.7816917810728e-05
Shiba Inu,1712894400,2.7688619045396e-05
Shiba Inu,1712890800,2.7574742788822e-05
Shiba Inu,1712887200,2.7502738814587e-05
Shiba Inu,1712883600,2.7664403876458e-05
Shiba Inu,1712880000,2.7522734141541e-05
Shiba Inu,1712876400,2.7611313092487e-05
Shiba Inu,1712872800,2.7571411005402e-05
Shiba Inu,1712869200,2.7838754241809e-05
Shiba Inu,1712865600,2.7507092819794e-05
Shiba Inu,1712862000,2.7445606183617e-05
Shiba Inu,1712858400,2.7532665779139e-05
Shiba Inu,1712854800,2.7458246374454e-05
Shiba Inu,1712851200,2.7429579803729e-05
Shiba Inu,1712847600,2.7408329663327e-05
Shiba Inu,1712844000,2.7512411918979e-05
Shiba Inu,1712840400,2.7643660420286e-05
Shiba Inu,1712836800,2.7393372217451e-05
Shiba Inu,1712833200,2.7689575883899e-05
Shiba Inu,1712829600,2.7793388194301e-05
Shiba Inu,1712826000,2.8048516864487e-05
Shiba Inu,1712822400,2.7944632811642e-05
Shiba Inu,1712818800,2.782593316139e-05
Shiba Inu,1712815200,2.7703985741606e-05
Shiba Inu,1712811600,2.7717541163985e-05
Shiba Inu,1712808000,2.7749814862397e-05
Shiba Inu,1712804400,2.7877661158276e-05
Shiba Inu,1712800800,2.7748532100353e-05
Shiba Inu,1712797200,2.7943870254409e-05
Shiba Inu,1712793600,2.8046069352789e-05
Shiba Inu,1712790000,2.7989174930561e-05
Shiba Inu,1712786400,2.7969792005866e-05
Shiba Inu,1712782800,2.7804998592237e-05
Shiba Inu,1712779200,2.7943565233999e-05
Shiba Inu,1712775600,2.7553877821851e-05
Shiba Inu,1712772000,2.7839067743233e-05
Shiba Inu,1712768400,2.8044076953288e-05
Shiba Inu,1712764800,2.776887951334e-05
Shiba Inu,1712761200,2.7606378466686e-05
Shiba Inu,1712757600,2.703654705686e-05
Shiba Inu,1712754000,2.6990938091542e-05
Shiba Inu,1712750400,2.7483753840944e-05
Shiba Inu,1712746800,2.7551675315813e-05
Shiba Inu,1712743200,2.7630937057118e-05
Shiba Inu,1712739600,2.7567601571693e-05
Shiba Inu,1712736000,2.7695854590676e-05
Shiba Inu,1712732400,2.757453867293e-05
Shiba Inu,1712728800,2.7485145373058e-05
Shiba Inu,1712725200,2.7316250011642e-05
Shiba Inu,1712721600,2.7303046565607e-05
Shiba Inu,1712718000,2.69723186799e-05
Shiba Inu,1712714400,2.7383303440579e-05
Shiba Inu,1712710800,2.7550726419802e-05
Shiba Inu,1712707200,2.7483055502797e-05
Shiba Inu,1712703600,2.774961393221e-05
Shiba Inu,1712700000,2.765902630309e-05
Shiba Inu,1712696400,2.7744147241894e-05
Shiba Inu,1712692800,2.7770814691553e-05
Shiba Inu,1712689200,2.7726792217073e-05
Shiba Inu,1712685600,2.7688257918037e-05
Shiba Inu,1712682000,2.7453462050437e-05
Shiba Inu,1712678400,2.765225793034e-05
Shiba Inu,1712674800,2.7515518564623e-05
Shiba Inu,1712671200,2.7931226375478e-05
Shiba Inu,1712667600,2.8353535196368e-05
Shiba Inu,1712664000,2.8445540111053e-05
Shiba Inu,1712660400,2.8386532160764e-05
Shiba Inu,1712656800,2.8211945676727e-05
Shiba Inu,1712653200,2.8431083654752e-05
Shiba Inu,1712649600,2.8430675086752e-05
Shiba Inu,1712646000,2.884284590054e-05
Shiba Inu,1712642400,2.883052739309e-05
Shiba Inu,1712638800,2.8708677534767e-05
Shiba Inu,1712635200,2.8565151180029e-05
Shiba Inu,1712631600,2.8694302224919e-05
Shiba Inu,1712628000,2.8616764560175e-05
Shiba Inu,1712624400,2.8585421763812e-05
Shiba Inu,1712620800,2.8759600012602e-05
Shiba Inu,1712617200,2.8948693177239e-05
Shiba Inu,1712613600,2.8734428091138e-05
Shiba Inu,1712610000,2.8763580636941e-05
Shiba Inu,1712606400,2.8633530525526e-05
Shiba Inu,1712602800,2.8739966029479e-05
Shiba Inu,1712599200,2.8727519717037e-05
Shiba Inu,1712595600,2.8621019628081e-05
Shiba Inu,1712592000,2.8685520091357e-05
Shiba Inu,1712588400,2.861843676236e-05
Shiba Inu,1712584800,2.8693203815032e-05
Shiba Inu,1712581200,2.8675644619094e-05
Shiba Inu,1712577600,2.9019376520174e-05
Shiba Inu,1712574000,2.9080942821929e-05
Shiba Inu,1712570400,2.9090892923332e-05
Shiba Inu,1712566800,2.895217192569e-05
Shiba Inu,1712563200,2.8677091105702e-05
Shiba Inu,1712559600,2.8328510678839e-05
Shiba Inu,1712556000,2.8404352739751e-05
Shiba Inu,1712552400,2.8016009609313e-05
Shiba Inu,1712548800,2.79847978617e-05
Shiba Inu,1712545200,2.7867047085365e-05
Shiba Inu,1712541600,2.8228281441666e-05
Shiba Inu,1712538000,2.8196266267625e-05
Shiba Inu,1712534400,2.8186659844915e-05
Shiba Inu,1712530800,2.8064376125661e-05
Shiba Inu,1712527200,2.8062415159472e-05
Shiba Inu,1712523600,2.8283854118071e-05
Shiba Inu,1712520000,2.8085028052437e-05
Shiba Inu,1712516400,2.8397780728577e-05
Shiba Inu,1712512800,2.8501630004228e-05
Shiba Inu,1712509200,2.8812810026114e-05
Shiba Inu,1712505600,2.8583422418231e-05
Shiba Inu,1712502000,2.8744509885893e-05
Shiba Inu,1712498400,2.8391185119106e-05
Shiba Inu,1712494800,2.8350317554419e-05
Shiba Inu,1712491200,2.8391496488232e-05
Shiba Inu,1712487600,2.8253102001858e-05
Shiba Inu,1712484000,2.8109182619434e-05
Shiba Inu,1712480400,2.8245960266451e-05
Shiba Inu,1712476800,2.8102931896247e-05
Shiba Inu,1712473200,2.8013677008449e-05
Shiba Inu,1712469600,2.8348978316432e-05
Shiba Inu,1712466000,2.8458229858449e-05
Shiba Inu,1712462400,2.8625799726932e-05
Shiba Inu,1712458800,2.8232564388653e-05
Shiba Inu,1712455200,2.8127725577377e-05
Shiba Inu,1712451600,2.7805733683992e-05
Shiba Inu,1712448000,2.7448216096899e-05
Shiba Inu,1712444400,2.7535210088614e-05
Shiba Inu,1712440800,2.730580510172e-05
Shiba Inu,1712437200,2.7440753444953e-05
Shiba Inu,1712433600,2.7281893897052e-05
Shiba Inu,1712430000,2.7280590503793e-05
Shiba Inu,1712426400,2.7365760776037e-05
Shiba Inu,1712422800,2.7416937186072e-05
Shiba Inu,1712419200,2.7397342973341e-05
Shiba Inu,1712415600,2.729809930096e-05
Shiba Inu,1712412000,2.7036443979667e-05
Shiba Inu,1712408400,2.7185146383545e-05
Shiba Inu,1712404800,2.7213411618824e-05
Shiba Inu,1712401200,2.7283586038151e-05
Shiba Inu,1712397600,2.723815386794e-05
Shiba Inu,1712394000,2.7450605861072e-05
Shiba Inu,1712390400,2.7374926545098e-05
Shiba Inu,1712386800,2.7440020628264e-05
Shiba Inu,1712383200,2.7368429721421e-05
Shiba Inu,1712379600,2.7123271123328e-05
Shiba Inu,1712376000,2.7185035214867e-05
Shiba Inu,1712372400,2.7007017252549e-05
Shiba Inu,1712368800,2.6929893145118e-05
Shiba Inu,1712365200,2.6950343099869e-05
Shiba Inu,1712361600,2.6806284677188e-05
Shiba Inu,1712358000,2.676161999539e-05
Shiba Inu,1712354400,2.681059241845e-05
Shiba Inu,1712350800,2.6940328616092e-05
Shiba Inu,1712347200,2.6860942995086e-05
Shiba Inu,1712343600,2.6854311618348e-05
Shiba Inu,1712340000,2.6688507663155e-05
Shiba Inu,1712336400,2.6871639154756e-05
Shiba Inu,1712332800,2.6981144490975e-05
Shiba Inu,1712329200,2.6884704667686e-05
Shiba Inu,1712325600,2.7086998694169e-05
Shiba Inu,1712322000,2.6888080477377e-05
Shiba Inu,1712318400,2.64759203605e-05
Shiba Inu,1712314800,2.6947459099402e-05
Shiba Inu,1712311200,2.6533983594017e-05
Shiba Inu,1712307600,2.6693284836723e-05
Shiba Inu,1712304000,2.6742483730955e-05
Shiba Inu,1712300400,2.6833041433669e-05
Shiba Inu,1712296800,2.6873102962859e-05
Shiba Inu,1712293200,2.6891032797427e-05
Shiba Inu,1712289600,2.7182690942694e-05
Shiba Inu,1712286000,2.6803294325066e-05
Shiba Inu,1712282400,2.729217414466e-05
Shiba Inu,1712278800,2.7656051301709e-05
Shiba Inu,1712275200,2.771381392915e-05
Shiba Inu,1712271600,2.7230706690369e-05
Shiba Inu,1712268000,2.7275858496518e-05
Shiba Inu,1712264400,2.762571593931e-05
Shiba Inu,1712260800,2.7864087165864e-05
Shiba Inu,1712257200,2.79008082863e-05
Shiba Inu,1712253600,2.8320816198197e-05
Shiba Inu,1712250000,2.7687099760081e-05
Shiba Inu,1712246400,2.7508117438217e-05
Shiba Inu,1712242800,2.7518500017037e-05
Shiba Inu,1712239200,2.738996535968e-05
Shiba Inu,1712235600,2.7244021023168e-05
Shiba Inu,1712232000,2.6903294460871e-05
Shiba Inu,1712228400,2.6859554814058e-05
Shiba Inu,1712224800,2.6878560263069e-05
Shiba Inu,1712221200,2.6815724900453e-05
Shiba Inu,1712217600,2.6648215314468e-05
Shiba Inu,1712214000,2.6526654553282e-05
Shiba Inu,1712210400,2.6361564464832e-05
Shiba Inu,1712206800,2.6256911863215e-05
Shiba Inu,1712203200,2.6158935906598e-05
Shiba Inu,1712199600,2.6291357764092e-05
Shiba Inu,1712196000,2.6481734689384e-05
Shiba Inu,1712192400,2.665009756808e-05
Shiba Inu,1712188800,2.6324042180481e-05
Shiba Inu,1712185200,2.6451565423804e-05
Shiba Inu,1712181600,2.6330759989721e-05
Shiba Inu,1712178000,2.5982160370687e-05
Shiba Inu,1712174400,2.6153898688377e-05
Shiba Inu,1712170800,2.6340300189062e-05
Shiba Inu,1712167200,2.6404757549645e-05
Shiba Inu,1712163600,2.6915622349674e-05
Shiba Inu,1712160000,2.6866299686141e-05
Shiba Inu,1712156400,2.7219408450284e-05
Shiba Inu,1712152800,2.6582406543888e-05
Shiba Inu,1712149200,2.6762236584085e-05
Shiba Inu,1712145600,2.6906080498878e-05
Shiba Inu,1712142000,2.7139305159172e-05
Shiba Inu,1712138400,2.7445141517848e-05
Shiba Inu,1712134800,2.7378931966112e-05
Shiba Inu,1712131200,2.7058067425958e-05
Shiba Inu,1712127600,2.7128704091833e-05
Shiba Inu,1712124000,2.7022824614015e-05
Shiba Inu,1712120400,2.7253671899613e-05
Shiba Inu,1712116800,2.7165697401305e-05
Shiba Inu,1712113200,2.691180479407e-05
Shiba Inu,1712109600,2.7130701246626e-05
Shiba Inu,1712106000,2.6152962645429e-05
Shiba Inu,1712102400,2.6387073196496e-05
Shiba Inu,1712098800,2.6708454058216e-05
Shiba Inu,1712095200,2.6468883258472e-05
Shiba Inu,1712091600,2.6573839457634e-05
Shiba Inu,1712088000,2.6671211157493e-05
Shiba Inu,1712084400,2.6621509400294e-05
Shiba Inu,1712080800,2.6442115196005e-05
Shiba Inu,1712077200,2.6479421985879e-05
Shiba Inu,1712073600,2.6039484429358e-05
Shiba Inu,1712070000,2.6460382500197e-05
Shiba Inu,1712066400,2.607951629625e-05
Shiba Inu,1712062800,2.6277331495704e-05
Shiba Inu,1712059200,2.6240440186416e-05
Shiba Inu,1712055600,2.6357063490323e-05
Shiba Inu,1712052000,2.6605587497787e-05
Shiba Inu,1712048400,2.6408854118366e-05
Shiba Inu,1712044800,2.690581724452e-05
Shiba Inu,1712041200,2.7254385535807e-05
Shiba Inu,1712037600,2.6993046818372e-05
Shiba Inu,1712034000,2.7021145352674e-05
Shiba Inu,1712030400,2.683404416803e-05
Shiba Inu,1712026800,2.6979802308505e-05
Shiba Inu,1712023200,2.8286383499108e-05
Shiba Inu,1712019600,2.8253642520779e-05
Shiba Inu,1712016000,2.865974137133e-05
Shiba Inu,1712012400,2.864753350004e-05
Shiba Inu,1712008800,2.8590389737868e-05
Shiba Inu,1712005200,2.8782123644151e-05
Shiba Inu,1712001600,2.8643933737855e-05
Shiba Inu,1711998000,2.8266175344083e-05
Shiba Inu,1711994400,2.8247429426567e-05
Shiba Inu,1711990800,2.8295182022697e-05
Shiba Inu,1711987200,2.8112382645953e-05
Shiba Inu,1711983600,2.8477187648572e-05
Shiba Inu,1711980000,2.910049799267e-05
Shiba Inu,1711976400,2.898162422062e-05
Shiba Inu,1711972800,2.8690589742107e-05
Shiba Inu,1711969200,2.8770287303148e-05
Shiba Inu,1711965600,2.8607193790449e-05
Shiba Inu,1711962000,2.8643137242687e-05
Shiba Inu,1711958400,2.9014860166577e-05
Shiba Inu,1711954800,2.8881430011743e-05
Shiba Inu,1711951200,2.85812505867e-05
Shiba Inu,1711947600,3.0165710087524e-05
Shiba Inu,1711944000,3.0211993253962e-05
Shiba Inu,1711940400,3.0373675802597e-05
Shiba Inu,1711936800,3.0239724962267e-05
Shiba Inu,1711933200,3.0504970638983e-05
Shiba Inu,1711929600,3.0766790149726e-05
Shiba Inu,1711926000,3.055174217165e-05
Shiba Inu,1711922400,3.0455845175618e-05
Shiba Inu,1711918800,3.0657066594138e-05
Shiba Inu,1711915200,3.0737733292473e-05
Shiba Inu,1711911600,3.0542532073676e-05
Shiba Inu,1711908000,3.0390161308096e-05
Shiba Inu,1711904400,3.0390714174521e-05
Shiba Inu,1711900800,3.0466132608383e-05
Shiba Inu,1711897200,3.0342738853805e-05
Shiba Inu,1711893600,3.0310977713427e-05
Shiba Inu,1711890000,3.0384395199468e-05
Shiba Inu,1711886400,3.036292984492e-05
Shiba Inu,1711882800,3.0257775439243e-05
Shiba Inu,1711879200,3.0420695536177e-05
Shiba Inu,1711875600,3.0656279021507e-05
Shiba Inu,1711872000,3.0601955225789e-05
Shiba Inu,1711868400,3.0421821533705e-05
Shiba Inu,1711864800,3.0489392855692e-05
Shiba Inu,1711861200,3.0362190907888e-05
Shiba Inu,1711857600,3.0218128921327e-05
Shiba Inu,1711854000,3.0186138926256e-05
Shiba Inu,1711850400,3.0377397603936e-05
Shiba Inu,1711846800,3.0062560363448e-05
Shiba Inu,1711843200,2.9843775499543e-05
Shiba Inu,1711839600,2.9685605411639e-05
Shiba Inu,1711836000,2.978748875895e-05
Shiba Inu,1711832400,3.0040496076191e-05
Shiba Inu,1711828800,3.0157847539584e-05
Shiba Inu,1711825200,3.0108199214066e-05
Shiba Inu,1711821600,3.0195351528004e-05
Shiba Inu,1711818000,3.0303426544012e-05
Shiba Inu,1711814400,3.027092914397e-05
Shiba Inu,1711810800,3.0126185928737e-05
Shiba Inu,1711807200,3.020156593035e-05
Shiba Inu,1711803600,3.0459309371425e-05
Shiba Inu,1711800000,3.0383270930888e-05
Shiba Inu,1711796400,3.015336720911e-05
Shiba Inu,1711792800,3.0083342254758e-05
Shiba Inu,1711789200,3.0053252862506e-05
Shiba Inu,1711785600,2.990042644713e-05
Shiba Inu,1711782000,3.0330933753749e-05
Shiba Inu,1711778400,3.0613462346477e-05
Shiba Inu,1711774800,3.0561770545099e-05
Shiba Inu,1711771200,3.05425793529e-05
Shiba Inu,1711767600,3.0707740415839e-05
Shiba Inu,1711764000,3.0909240252686e-05
Shiba Inu,1711760400,3.0824646632583e-05
Shiba Inu,1711756800,3.0805085124248e-05
Shiba Inu,1711753200,3.0865614125547e-05
Shiba Inu,1711749600,3.0462648462398e-05
Shiba Inu,1711746000,3.0774988901255e-05
Shiba Inu,1711742400,3.0823691551603e-05
Shiba Inu,1711738800,3.0743373751368e-05
Shiba Inu,1711735200,3.0924962187532e-05
Shiba Inu,1711731600,3.051906367373e-05
Shiba Inu,1711728000,3.0446697858949e-05
Shiba Inu,1711724400,3.0853530754943e-05
Shiba Inu,1711720800,3.0846240962956e-05
Shiba Inu,1711717200,3.0690997506224e-05
Shiba Inu,1711713600,3.0861704250959e-05
Shiba Inu,1711710000,3.1021426705389e-05
Shiba Inu,1711706400,3.0729785712419e-05
Shiba Inu,1711702800,3.0753589275099e-05
Shiba Inu,1711699200,3.0437882986949e-05
Shiba Inu,1711695600,3.1092015682265e-05
Shiba Inu,1711692000,3.0870683435854e-05
Shiba Inu,1711688400,3.0976176147971e-05
Shiba Inu,1711684800,3.1207331232237e-05
Shiba Inu,1711681200,3.0976998399559e-05
Shiba Inu,1711677600,3.1186705831694e-05
Shiba Inu,1711674000,3.15658601853e-05
Shiba Inu,1711670400,3.1992113708833e-05
Shiba Inu,1711666800,3.1796495912899e-05
Shiba Inu,1711663200,3.187302543002e-05
Shiba Inu,1711659600,3.1998976457793e-05
Shiba Inu,1711656000,3.213513986335e-05
Shiba Inu,1711652400,3.165304136789e-05
Shiba Inu,1711648800,3.156987852729e-05
Shiba Inu,1711645200,3.1667054920298e-05
Shiba Inu,1711641600,3.1895849666058e-05
Shiba Inu,1711638000,3.2161173568643e-05
Shiba Inu,1711634400,3.2004293564523e-05
Shiba Inu,1711630800,3.2108002665679e-05
Shiba Inu,1711627200,3.2386657207732e-05
Shiba Inu,1711623600,3.2344201128985e-05
Shiba Inu,1711620000,3.1074102485172e-05
Shiba Inu,1711616400,3.1226972390487e-05
Shiba Inu,1711612800,3.0867932113476e-05
Shiba Inu,1711609200,3.0790380391803e-05
Shiba Inu,1711605600,3.0394274655726e-05
Shiba Inu,1711602000,3.0388505812343e-05
Shiba Inu,1711598400,3.0196822101717e-05
Shiba Inu,1711594800,3.0248344167319e-05
Shiba Inu,1711591200,3.0544497095311e-05
Shiba Inu,1711587600,3.0853186616499e-05
Shiba Inu,1711584000,3.0149883434685e-05
Shiba Inu,1711580400,3.0385741831127e-05
Shiba Inu,1711576800,2.9994000640048e-05
Shiba Inu,1711573200,3.0136197643242e-05
Shiba Inu,1711569600,2.9971956640937e-05
Shiba Inu,1711566000,2.9670169278924e-05
Shiba Inu,1711562400,3.0046482113461e-05
Shiba Inu,1711558800,3.0204286648661e-05
Shiba Inu,1711555200,3.0027413164053e-05
Shiba Inu,1711551600,3.029303318051e-05
Shiba Inu,1711548000,3.0090101516668e-05
Shiba Inu,1711544400,3.0428422728259e-05
Shiba Inu,1711540800,3.068527642704e-05
Shiba Inu,1711537200,3.0495776966878e-05
Shiba Inu,1711533600,3.0352282601545e-05
Shiba Inu,1711530000,2.9769044609627e-05
Shiba Inu,1711526400,3.0293032102043e-05
Shiba Inu,1711522800,3.13196961905e-05
Shiba Inu,1711519200,3.1246007835702e-05
Shiba Inu,1711515600,3.1012394051768e-05
Shiba Inu,1711512000,3.1276878023914e-05
Shiba Inu,1711508400,3.1462229085029e-05
Shiba Inu,1711504800,3.103000433586e-05
Shiba Inu,1711501200,3.1151675408312e-05
Shiba Inu,1711497600,3.0638084406865e-05
Shiba Inu,1711494000,3.0883879155128e-05
Shiba Inu,1711490400,3.0544336717271e-05
Shiba Inu,1711486800,3.0385815936657e-05
Shiba Inu,1711483200,2.9992974401159e-05
Shiba Inu,1711479600,3.0264432932746e-05
Shiba Inu,1711476000,3.0050621743317e-05
Shiba Inu,1711472400,2.9640116394815e-05
Shiba Inu,1711468800,3.0129632065487e-05
Shiba Inu,1711465200,3.0278098130214e-05
Shiba Inu,1711461600,3.0356736067374e-05
Shiba Inu,1711458000,3.0979020430493e-05
Shiba Inu,1711454400,3.1131794632345e-05
Shiba Inu,1711450800,3.0229738955266e-05
Shiba Inu,1711447200,2.9577652408664e-05
Shiba Inu,1711443600,2.9318131599181e-05
Shiba Inu,1711440000,2.9147572434325e-05
Shiba Inu,1711436400,2.9427632512017e-05
Shiba Inu,1711432800,2.9073571618786e-05
Shiba Inu,1711429200,2.9167118819075e-05
Shiba Inu,1711425600,2.8916052754062e-05
Shiba Inu,1711422000,2.8975307990694e-05
Shiba Inu,1711418400,2.8876282117009e-05
Shiba Inu,1711414800,2.8647142517014e-05
Shiba Inu,1711411200,2.8696762936488e-05
Shiba Inu,1711407600,2.9089655910616e-05
Shiba Inu,1711404000,2.8939964523333e-05
Shiba Inu,1711400400,2.9704259857135e-05
Shiba Inu,1711396800,2.9624266670506e-05
Shiba Inu,1711393200,2.9613277191307e-05
Shiba Inu,1711389600,2.9721447921708e-05
Shiba Inu,1711386000,2.9649554319311e-05
Shiba Inu,1711382400,2.9237094685785e-05
Shiba Inu,1711378800,2.9525268800542e-05
Shiba Inu,1711375200,2.7818100165411e-05
Shiba Inu,1711371600,2.7630966791058e-05
Shiba Inu,1711368000,2.750074501737e-05
Shiba Inu,1711364400,2.7813191947896e-05
Shiba Inu,1711360800,2.784374871483e-05
Shiba Inu,1711357200,2.7658361812333e-05
Shiba Inu,1711353600,2.7620497625082e-05
Shiba Inu,1711350000,2.7891496212219e-05
Shiba Inu,1711346400,2.802270918158e-05
Shiba Inu,1711342800,2.8015849249129e-05
Shiba Inu,1711339200,2.7880279257794e-05
Shiba Inu,1711335600,2.7810343716794e-05
Shiba Inu,1711332000,2.7754480036469e-05
Shiba Inu,1711328400,2.7694370462157e-05
Shiba Inu,1711324800,2.8076688526758e-05
Shiba Inu,1711321200,2.8077524214693e-05
Shiba Inu,1711317600,2.8068670543164e-05
Shiba Inu,1711314000,2.799583080149e-05
Shiba Inu,1711310400,2.7807652117431e-05
Shiba Inu,1711306800,2.7689203610756e-05
Shiba Inu,1711303200,2.7540519515277e-05
Shiba Inu,1711299600,2.7599053984939e-05
Shiba Inu,1711296000,2.7825099773168e-05
Shiba Inu,1711292400,2.7794794115971e-05
Shiba Inu,1711288800,2.7797248155331e-05
Shiba Inu,1711285200,2.8102873049013e-05
Shiba Inu,1711281600,2.787552370518e-05
Shiba Inu,1711278000,2.7881357078542e-05
Shiba Inu,1711274400,2.8052232728303e-05
Shiba Inu,1711270800,2.8192708920632e-05
Shiba Inu,1711267200,2.7892656659344e-05
Shiba Inu,1711263600,2.7785971225161e-05
Shiba Inu,1711260000,2.7858838841136e-05
Shiba Inu,1711256400,2.804457157764e-05
Shiba Inu,1711252800,2.7981559712261e-05
Shiba Inu,1711249200,2.7911976065325e-05
Shiba Inu,1711245600,2.7561899741575e-05
Shiba Inu,1711242000,2.7587311792151e-05
Shiba Inu,1711238400,2.7145446995941e-05
Shiba Inu,1711234800,2.7506926634633e-05
Shiba Inu,1711231200,2.7768108161787e-05
Shiba Inu,1711227600,2.7949384025222e-05
Shiba Inu,1711224000,2.7969664528413e-05
Shiba Inu,1711220400,2.7961667264303e-05
Shiba Inu,1711216800,2.8097395534386e-05
Shiba Inu,1711213200,2.8422760987416e-05
Shiba Inu,1711209600,2.7780245535099e-05
Shiba Inu,1711206000,2.7935689978401e-05
Shiba Inu,1711202400,2.7675013871825e-05
Shiba Inu,1711198800,2.7902686858371e-05
Shiba Inu,1711195200,2.7445615234828e-05
Shiba Inu,1711191600,2.7238604891349e-05
Shiba Inu,1711188000,2.7196186825406e-05
Shiba Inu,1711184400,2.7300442401974e-05
Shiba Inu,1711180800,2.7206725314223e-05
Shiba Inu,1711177200,2.7226349433366e-05
Shiba Inu,1711173600,2.7299234661099e-05
Shiba Inu,1711170000,2.7046622354143e-05
Shiba Inu,1711166400,2.68823951866e-05
Shiba Inu,1711162800,2.7117996668631e-05
Shiba Inu,1711159200,2.7114981214497e-05
Shiba Inu,1711155600,2.6449055465295e-05
Shiba Inu,1711152000,2.6553558352789e-05
Shiba Inu,1711148400,2.6177897779826e-05
Shiba Inu,1711144800,2.6233285191864e-05
Shiba Inu,1711141200,2.6377258820927e-05
Shiba Inu,1711137600,2.6650495857394e-05
Shiba Inu,1711134000,2.6506970451052e-05
Shiba Inu,1711130400,2.6519413975783e-05
Shiba Inu,1711126800,2.6372588504489e-05
Shiba Inu,1711123200,2.6463602910025e-05
Shiba Inu,1711119600,2.6009389268834e-05
Shiba Inu,1711116000,2.6092195427974e-05
Shiba Inu,1711112400,2.6935869792774e-05
Shiba Inu,1711108800,2.692081851583e-05
Shiba Inu,1711105200,2.7088134253876e-05
Shiba Inu,1711101600,2.7573062208473e-05
Shiba Inu,1711098000,2.7730038979505e-05
Shiba Inu,1711094400,2.7922895680159e-05
Shiba Inu,1711090800,2.8218693665618e-05
Shiba Inu,1711087200,2.7846388545144e-05
Shiba Inu,1711083600,2.741075108475e-05
Shiba Inu,1711080000,2.7292392748198e-05
Shiba Inu,1711076400,2.6896965806339e-05
Shiba Inu,1711072800,2.6710527604713e-05
Shiba Inu,1711069200,2.7064588894153e-05
Shiba Inu,1711065600,2.7218500410226e-05
Shiba Inu,1711062000,2.7093678105828e-05
Shiba Inu,1711058400,2.7161298221069e-05
Shiba Inu,1711054800,2.7190818120035e-05
Shiba Inu,1711051200,2.7070721358864e-05
Shiba Inu,1711047600,2.6902783643169e-05
Shiba Inu,1711044000,2.7289072340256e-05
Shiba Inu,1711040400,2.7984724453011e-05
Shiba Inu,1711036800,2.7247682123834e-05
Shiba Inu,1711033200,2.7512510596209e-05
Shiba Inu,1711029600,2.6933159114041e-05
Shiba Inu,1711026000,2.7150721699157e-05
Shiba Inu,1711022400,2.711648794978e-05
Shiba Inu,1711018800,2.7049598462967e-05
Shiba Inu,1711015200,2.7025594024208e-05
Shiba Inu,1711011600,2.7116267695974e-05
Shiba Inu,1711008000,2.6858624576197e-05
Shiba Inu,1711004400,2.6792713467491e-05
Shiba Inu,1711000800,2.6813867771732e-05
Shiba Inu,1710997200,2.6826521170193e-05
Shiba Inu,1710993600,2.6936072164932e-05
Shiba Inu,1710990000,2.732671979594e-05
Shiba Inu,1710986400,2.7340060218436e-05
Shiba Inu,1710982800,2.7462423159097e-05
Shiba Inu,1710979200,2.7775273920705e-05
Shiba Inu,1710975600,2.7738396487155e-05
Shiba Inu,1710972000,2.761541505428e-05
Shiba Inu,1710968400,2.7373326817969e-05
Shiba Inu,1710964800,2.6900590679998e-05
Shiba Inu,1710961200,2.6827399749464e-05
Shiba Inu,1710957600,2.5589907354343e-05
Shiba Inu,1710954000,2.5090739869899e-05
Shiba Inu,1710950400,2.5425780636432e-05
Shiba Inu,1710946800,2.5855150220981e-05
Shiba Inu,1710943200,2.5478651637676e-05
Shiba Inu,1710939600,2.5850247305295e-05
Shiba Inu,1710936000,2.5771840255504e-05
Shiba Inu,1710932400,2.5335031627743e-05
Shiba Inu,1710928800,2.5310307373186e-05
Shiba Inu,1710925200,2.5025883713356e-05
Shiba Inu,1710921600,2.5302793298469e-05
Shiba Inu,1710918000,2.4405385402122e-05
Shiba Inu,1710914400,2.4138485475539e-05
Shiba Inu,1710910800,2.4479987999557e-05
Shiba Inu,1710907200,2.4704616269536e-05
Shiba Inu,1710903600,2.5078847238803e-05
Shiba Inu,1710900000,2.4719012576892e-05
Shiba Inu,1710896400,2.5348331583601e-05
Shiba Inu,1710892800,2.4907153063391e-05
Shiba Inu,1710889200,2.4940891842036e-05
Shiba Inu,1710885600,2.5666585218026e-05
Shiba Inu,1710882000,2.5707032340045e-05
Shiba Inu,1710878400,2.6195390898666e-05
Shiba Inu,1710874800,2.610382240324e-05
Shiba Inu,1710871200,2.6242990663687e-05
Shiba Inu,1710867600,2.6479196704878e-05
Shiba Inu,1710864000,2.6126384011077e-05
Shiba Inu,1710860400,2.546932906738e-05
Shiba Inu,1710856800,2.5514333201546e-05
Shiba Inu,1710853200,2.5711908804046e-05
Shiba Inu,1710849600,2.5308708218294e-05
Shiba Inu,1710846000,2.5034207793184e-05
Shiba Inu,1710842400,2.5481634789804e-05
Shiba Inu,1710838800,2.4735166612497e-05
Shiba Inu,1710835200,2.5472245601729e-05
Shiba Inu,1710831600,2.5099844213476e-05
Shiba Inu,1710828000,2.5362534654498e-05
Shiba Inu,1710824400,2.5422657334007e-05
Shiba Inu,1710820800,2.5873147144016e-05
Shiba Inu,1710817200,2.5745215439332e-05
Shiba Inu,1710813600,2.5710487010001e-05
Shiba Inu,1710810000,2.6326696459932e-05
Shiba Inu,1710806400,2.684494500735e-05
Shiba Inu,1710802800,2.6955247090227e-05
Shiba Inu,1710799200,2.7057657551467e-05
Shiba Inu,1710795600,2.7101063745397e-05
Shiba Inu,1710792000,2.6786413786936e-05
Shiba Inu,1710788400,2.668606225023e-05
Shiba Inu,1710784800,2.6818173371896e-05
Shiba Inu,1710781200,2.6689173643979e-05
Shiba Inu,1710777600,2.7535042681544e-05
Shiba Inu,1710774000,2.7330351147571e-05
Shiba Inu,1710770400,2.7377655609081e-05
Shiba Inu,1710766800,2.8385055644956e-05
Shiba Inu,1710763200,2.8125389379049e-05
Shiba Inu,1710759600,2.809717948583e-05
Shiba Inu,1710756000,2.7776717457754e-05
Shiba Inu,1710752400,2.8226259013688e-05
Shiba Inu,1710748800,2.8576547808183e-05
Shiba Inu,1710745200,2.8685400761591e-05
Shiba Inu,1710741600,2.8952719494472e-05
Shiba Inu,1710738000,2.8813070565137e-05
Shiba Inu,1710734400,2.8604643500681e-05
Shiba Inu,1710730800,2.8715398892972e-05
Shiba Inu,1710727200,2.8877399760541e-05
Shiba Inu,1710723600,2.8493636991295e-05
Shiba Inu,1710720000,2.9440030809304e-05
Shiba Inu,1710716400,2.9497708405791e-05
Shiba Inu,1710712800,2.962414831159e-05
Shiba Inu,1710709200,2.9189132536271e-05
Shiba Inu,1710705600,2.9892783265404e-05
Shiba Inu,1710702000,2.9464437432541e-05
Shiba Inu,1710698400,2.9861526811602e-05
Shiba Inu,1710694800,2.879743196251e-05
Shiba Inu,1710691200,2.8999885953227e-05
Shiba Inu,1710687600,2.7457284094442e-05
Shiba Inu,1710684000,2.7265449683516e-05
Shiba Inu,1710680400,2.6384271628728e-05
Shiba Inu,1710676800,2.6850939867079e-05
Shiba Inu,1710673200,2.7007091825661e-05
Shiba Inu,1710669600,2.6121981939849e-05
Shiba Inu,1710666000,2.589476613299e-05
Shiba Inu,1710662400,2.4984577316914e-05
Shiba Inu,1710658800,2.5007409605205e-05
Shiba Inu,1710655200,2.560545008519e-05
Shiba Inu,1710651600,2.594889341244e-05
Shiba Inu,1710648000,2.6160732604884e-05
Shiba Inu,1710644400,2.604812162911e-05
Shiba Inu,1710640800,2.5451088803709e-05
Shiba Inu,1710637200,2.4562263483196e-05
Shiba Inu,1710633600,2.5342056116434e-05
Shiba Inu,1710630000,2.4833072863712e-05
Shiba Inu,1710626400,2.5044779394141e-05
Shiba Inu,1710622800,2.5358660052555e-05
Shiba Inu,1710619200,2.490522024612e-05
Shiba Inu,1710615600,2.4180018365677e-05
Shiba Inu,1710612000,2.5645534245835e-05
Shiba Inu,1710608400,2.7104770066411e-05
Shiba Inu,1710604800,2.7418512912685e-05
Shiba Inu,1710601200,2.7204369681448e-05
Shiba Inu,1710597600,2.6927090458032e-05
Shiba Inu,1710594000,2.7577327595173e-05
Shiba Inu,1710590400,2.8461419177943e-05
Shiba Inu,1710586800,2.8579700360908e-05
Shiba Inu,1710583200,2.8920143759736e-05
Shiba Inu,1710579600,2.9144121547498e-05
Shiba Inu,1710576000,2.9340093307141e-05
Shiba Inu,1710572400,2.9074600873101e-05
Shiba Inu,1710568800,2.8957302314809e-05
Shiba Inu,1710565200,2.9023398500213e-05
Shiba Inu,1710561600,2.9436242563315e-05
Shiba Inu,1710558000,2.9376694740047e-05
Shiba Inu,1710554400,2.9531351506375e-05
Shiba Inu,1710550800,2.9598212435417e-05
Shiba Inu,1710547200,2.9868567272717e-05
Shiba Inu,1710543600,2.9679038159511e-05
Shiba Inu,1710540000,2.9107511516586e-05
Shiba Inu,1710536400,2.8459420342396e-05
Shiba Inu,1710532800,2.903861516626e-05
Shiba Inu,1710529200,3.0218300761849e-05
Shiba Inu,1710525600,2.9104273715019e-05
Shiba Inu,1710522000,2.8898451844052e-05
Shiba Inu,1710518400,2.8896337627622e-05
